lh.aparc.DKTatlas.area	lh_caudalanteriorcingulate_area	lh_caudalmiddlefrontal_area	lh_cuneus_area	lh_entorhinal_area	lh_fusiform_area	lh_inferiorparietal_area	lh_inferiortemporal_area	lh_isthmuscingulate_area	lh_lateraloccipital_area	lh_lateralorbitofrontal_area	lh_lingual_area	lh_medialorbitofrontal_area	lh_middletemporal_area	lh_parahippocampal_area	lh_paracentral_area	lh_parsopercularis_area	lh_parsorbitalis_area	lh_parstriangularis_area	lh_pericalcarine_area	lh_postcentral_area	lh_posteriorcingulate_area	lh_precentral_area	lh_precuneus_area	lh_rostralanteriorcingulate_area	lh_rostralmiddlefrontal_area	lh_superiorfrontal_area	lh_superiorparietal_area	lh_superiortemporal_area	lh_supramarginal_area	lh_transversetemporal_area	lh_insula_area	lh_WhiteSurfArea_area	BrainSegVolNotVent	eTIV
sub-CC110033	1428.0	2545.0	2060.0	373.0	2652.0	4600.0	3470.0	1084.0	5493.0	2890.0	3590.0	1594.0	4513.0	675.0	1661.0	1567.0	734.0	1883.0	1402.0	4658.0	1552.0	4785.0	3682.0	1288.0	4130.0	8414.0	4006.0	4778.0	3183.0	352.0	1971.0	87012.4	1149966.0	1540373.175362
sub-CC110045	1272.0	2165.0	2011.0	479.0	3255.0	4635.0	3342.0	1040.0	4964.0	3148.0	2860.0	1694.0	4529.0	711.0	1522.0	1582.0	750.0	1686.0	1151.0	4511.0	1517.0	4689.0	3444.0	1178.0	3846.0	8554.0	3868.0	4833.0	3277.0	488.0	1895.0	84898.3	1158791.0	1554735.467975
sub-CC110056	1074.0	1967.0	1620.0	418.0	2971.0	3855.0	3779.0	974.0	4274.0	2853.0	3146.0	1431.0	3994.0	662.0	1426.0	1298.0	664.0	1364.0	1325.0	4136.0	1256.0	4024.0	3156.0	1076.0	3912.0	7588.0	3971.0	4710.0	3306.0	458.0	1946.0	78636.9	1063305.0	1450826.859877
sub-CC110062	1604.0	2386.0	2228.0	432.0	3624.0	4927.0	4309.0	1098.0	5811.0	3347.0	2933.0	1823.0	5382.0	766.0	1985.0	1413.0	826.0	1719.0	1436.0	5443.0	1526.0	5622.0	4639.0	1451.0	4440.0	9575.0	4930.0	6127.0	4537.0	556.0	2093.0	98984.9	1321108.0	1741423.481045
sub-CC110069	1222.0	2602.0	1901.0	441.0	2876.0	4422.0	3312.0	1001.0	4921.0	3024.0	2692.0	1502.0	4350.0	785.0	1665.0	1267.0	632.0	1350.0	1277.0	4361.0	1162.0	4681.0	3616.0	1311.0	3738.0	8866.0	4387.0	5317.0	3519.0	438.0	1873.0	84513.3	1118366.0	1544179.678597
sub-CC110087	950.0	2427.0	2088.0	519.0	3117.0	4143.0	3163.0	763.0	5383.0	3172.0	2945.0	1803.0	3877.0	796.0	1653.0	1321.0	652.0	1604.0	1134.0	4375.0	1352.0	4645.0	3020.0	1116.0	3732.0	7207.0	3173.0	4896.0	3206.0	427.0	1814.0	80471.5	1051123.0	1326130.880285
sub-CC110098	1186.0	3013.0	2210.0	465.0	2853.0	4658.0	3511.0	1160.0	5294.0	3346.0	3678.0	1688.0	4394.0	729.0	1861.0	1673.0	807.0	1913.0	1763.0	4964.0	1329.0	5032.0	4682.0	1340.0	4807.0	9352.0	5264.0	5538.0	4228.0	495.0	2062.0	95295.1	1223206.0	1663141.051818
sub-CC110101	1046.0	2764.0	2038.0	335.0	2972.0	6076.0	3435.0	979.0	5572.0	2543.0	3238.0	1620.0	4490.0	670.0	1720.0	1441.0	564.0	1242.0	1253.0	5066.0	1253.0	5218.0	3873.0	820.0	4174.0	8575.0	4214.0	6173.0	5101.0	534.0	2032.0	91034.5	1225416.0	1750569.921786
sub-CC110126	1174.0	2412.0	2004.0	490.0	2991.0	5409.0	4121.0	1114.0	5038.0	3337.0	2897.0	1817.0	4038.0	644.0	1874.0	1463.0	793.0	1267.0	1177.0	4970.0	1341.0	4681.0	4925.0	1332.0	3947.0	8622.0	5359.0	5285.0	3640.0	525.0	1859.0	90541.2	1221480.0	1597430.798316
sub-CC110174	855.0	1685.0	1761.0	258.0	2005.0	3024.0	2497.0	861.0	3953.0	2403.0	2463.0	1348.0	3104.0	581.0	1517.0	1402.0	528.0	1568.0	1303.0	3658.0	1051.0	3877.0	3272.0	747.0	3178.0	7315.0	4019.0	4694.0	3644.0	508.0	1593.0	70672.4	940150.0	1214696.505815
sub-CC110187	1037.0	2470.0	2116.0	379.0	3175.0	5047.0	3305.0	796.0	6125.0	3317.0	3575.0	1795.0	4145.0	705.0	1891.0	1301.0	777.0	1590.0	1599.0	4196.0	1383.0	4366.0	3000.0	1090.0	4294.0	8336.0	4439.0	4541.0	3159.0	358.0	1811.0	86119.1	1106484.0	1471822.295883
sub-CC110319	1307.0	2725.0	2171.0	436.0	3414.0	5127.0	3608.0	1033.0	5119.0	3473.0	3029.0	1942.0	4214.0	770.0	1831.0	1472.0	698.0	1816.0	1485.0	4721.0	1481.0	4943.0	4261.0	1431.0	5006.0	8576.0	5257.0	5348.0	4705.0	701.0	1985.0	94087.2	1302700.0	1727101.789039
sub-CC110411	1384.0	2860.0	1974.0	510.0	3054.0	5688.0	3888.0	1413.0	4774.0	3426.0	3441.0	1882.0	5153.0	708.0	1858.0	1816.0	790.0	2284.0	1498.0	5297.0	1716.0	4988.0	4124.0	1411.0	5076.0	9337.0	4711.0	5562.0	4852.0	586.0	2251.0	98311.2	1386172.0	1893343.628086
sub-CC110606	1286.0	2651.0	2258.0	421.0	3832.0	5005.0	3982.0	1069.0	5965.0	3234.0	3316.0	1781.0	5005.0	718.0	2125.0	2065.0	807.0	2245.0	1206.0	5892.0	1371.0	5942.0	5110.0	1569.0	4295.0	9983.0	5621.0	6028.0	4186.0	500.0	2014.0	101485.0	1322925.0	1820583.864576
sub-CC112141	1240.0	2824.0	2131.0	366.0	2602.0	5354.0	3728.0	1172.0	4979.0	2870.0	3349.0	1461.0	5765.0	767.0	1770.0	2101.0	763.0	1991.0	1544.0	4420.0	1414.0	4688.0	3956.0	1347.0	4434.0	8136.0	5096.0	5303.0	4104.0	412.0	2193.0	92281.0	1263921.0	1711744.268752
sub-CC120008	1466.0	4028.0	2081.0	411.0	3949.0	5954.0	4423.0	1333.0	6295.0	3327.0	3321.0	1810.0	5943.0	852.0	2163.0	1864.0	820.0	1770.0	1161.0	5362.0	1727.0	6888.0	4870.0	1650.0	4726.0	9842.0	4007.0	6792.0	3952.0	510.0	2232.0	105527.0	1396487.0	1844187.998263
sub-CC120049	1351.0	3294.0	2347.0	469.0	3155.0	5088.0	3668.0	1350.0	6229.0	3388.0	3563.0	1866.0	4994.0	693.0	1578.0	1786.0	800.0	1921.0	1440.0	5276.0	1848.0	5623.0	4425.0	1299.0	4494.0	9364.0	5419.0	6143.0	4204.0	615.0	2199.0	99887.1	1378020.0	1849842.343187
sub-CC120065	977.0	2043.0	1950.0	251.0	2774.0	4039.0	2630.0	1160.0	5290.0	2889.0	3239.0	1494.0	4007.0	589.0	1494.0	1085.0	732.0	1249.0	1557.0	4487.0	1401.0	4639.0	3867.0	1102.0	3171.0	7704.0	3995.0	5231.0	3681.0	503.0	2012.0	81241.8	1091748.0	1429176.653398
sub-CC120120	1146.0	1777.0	1900.0	321.0	2808.0	4222.0	2719.0	826.0	5063.0	2883.0	3294.0	1685.0	4045.0	594.0	1460.0	1337.0	805.0	1566.0	1188.0	4330.0	1304.0	4416.0	3100.0	1285.0	3659.0	6645.0	3991.0	5096.0	3718.0	433.0	1931.0	79545.9	1124279.0	1532748.765732
sub-CC120166	1227.0	3027.0	1973.0	439.0	3114.0	5156.0	3936.0	979.0	6007.0	3318.0	3348.0	1801.0	4706.0	793.0	1672.0	1425.0	734.0	1414.0	1165.0	5797.0	1429.0	5722.0	4305.0	1351.0	5036.0	9397.0	5786.0	5815.0	5012.0	603.0	2049.0	98536.2	1346760.0	1788267.02319
sub-CC120182	1339.0	3684.0	1997.0	407.0	4113.0	4899.0	4724.0	1424.0	5315.0	3811.0	4065.0	2109.0	5165.0	960.0	1713.0	1252.0	831.0	1605.0	1737.0	5537.0	1709.0	5805.0	4441.0	1547.0	4899.0	9345.0	6567.0	6550.0	4844.0	629.0	2275.0	105301.0	1432624.0	1852272.842843
sub-CC120208	1017.0	2421.0	1963.0	423.0	3378.0	5848.0	4598.0	1073.0	4931.0	3659.0	2172.0	1784.0	4696.0	782.0	1635.0	1631.0	891.0	1939.0	1002.0	4374.0	1611.0	4556.0	4012.0	1533.0	5644.0	10020.0	5024.0	5988.0	4662.0	602.0	2041.0	95911.8	1281661.0	1673288.314385
sub-CC120234	915.0	2499.0	2335.0	336.0	2466.0	4277.0	2855.0	1089.0	5623.0	2815.0	3164.0	1421.0	3514.0	648.0	1589.0	1609.0	705.0	1701.0	1436.0	3897.0	1464.0	4332.0	3828.0	1279.0	4380.0	7897.0	4011.0	4795.0	2925.0	434.0	1987.0	82227.7	1081490.0	1354159.353325
sub-CC120276	1021.0	2526.0	2054.0	364.0	2897.0	4037.0	3354.0	1097.0	4772.0	3093.0	3129.0	1927.0	3985.0	743.0	1736.0	1500.0	733.0	1525.0	1305.0	4322.0	1550.0	4286.0	4106.0	1023.0	4032.0	8147.0	3995.0	4777.0	3922.0	465.0	1900.0	84320.8	1155262.0	1491533.389031
sub-CC120309	931.0	2208.0	2610.0	307.0	2946.0	4340.0	2971.0	985.0	5578.0	2997.0	3207.0	1622.0	4039.0	592.0	1457.0	1564.0	874.0	1571.0	1502.0	4654.0	1063.0	4821.0	3651.0	1129.0	3564.0	8397.0	4907.0	5355.0	3467.0	547.0	2040.0	85896.1	1154235.0	1540812.949062
sub-CC120319	1230.0	2970.0	2019.0	307.0	2784.0	4305.0	2966.0	829.0	5171.0	3266.0	3499.0	1618.0	4177.0	665.0	1663.0	1409.0	770.0	1733.0	1455.0	4381.0	1065.0	4885.0	3528.0	1148.0	4198.0	8645.0	4487.0	4938.0	3732.0	449.0	1919.0	86211.4	1172250.0	1518194.392386
sub-CC120347	1055.0	2052.0	1818.0	510.0	3059.0	3799.0	3261.0	898.0	4839.0	2732.0	2633.0	1471.0	3769.0	721.0	1468.0	1446.0	868.0	1790.0	1043.0	4356.0	1277.0	4314.0	3605.0	1213.0	4542.0	8056.0	4024.0	5145.0	3586.0	481.0	1753.0	81584.0	1120859.0	1455497.979591
sub-CC120469	1415.0	2972.0	1873.0	486.0	2485.0	5824.0	3870.0	709.0	4750.0	3229.0	2873.0	1701.0	5424.0	746.0	1710.0	1445.0	851.0	1332.0	932.0	5313.0	1495.0	5518.0	2743.0	1518.0	4509.0	9627.0	4466.0	5672.0	4399.0	501.0	2138.0	92524.8	1228223.0	1627353.894874
sub-CC120727	1473.0	3128.0	1901.0	258.0	3116.0	4562.0	3590.0	1149.0	5516.0	3153.0	3604.0	1730.0	4413.0	791.0	1523.0	1587.0	753.0	2020.0	1631.0	5255.0	1440.0	4895.0	4539.0	1529.0	4889.0	8029.0	4771.0	5557.0	3453.0	489.0	1879.0	92624.1	1245986.0	1560683.440421
sub-CC120816	1252.0	2735.0	2644.0	453.0	3267.0	3925.0	4385.0	1107.0	7464.0	3097.0	3802.0	1712.0	5333.0	645.0	1914.0	1689.0	756.0	1966.0	1678.0	4556.0	1501.0	4845.0	3616.0	1356.0	4730.0	8927.0	3754.0	5472.0	3571.0	463.0	1988.0	94602.2	1264433.0	1619714.209781
sub-CC121106	1301.0	2714.0	2161.0	341.0	2892.0	4791.0	3631.0	912.0	5367.0	3002.0	2998.0	1768.0	4768.0	642.0	1910.0	1400.0	710.0	1466.0	1580.0	5138.0	1389.0	4990.0	4012.0	1462.0	4148.0	9592.0	4976.0	5426.0	3343.0	452.0	2051.0	91332.7	1155646.0	1542098.707057
sub-CC121144	1187.0	2984.0	2245.0	549.0	3305.0	5056.0	3979.0	1198.0	5346.0	3256.0	2954.0	1677.0	4949.0	766.0	1693.0	1432.0	679.0	1419.0	1377.0	5146.0	1772.0	5069.0	4177.0	1532.0	4101.0	8352.0	4042.0	5306.0	3844.0	349.0	2012.0	91752.0	1240852.0	1676676.746399
sub-CC121317	938.0	2032.0	1998.0	280.0	2329.0	3181.0	2680.0	808.0	4693.0	2811.0	2809.0	1476.0	3676.0	605.0	1325.0	1537.0	727.0	1334.0	1272.0	3833.0	1098.0	3627.0	2839.0	1041.0	3383.0	6540.0	3233.0	4790.0	3239.0	530.0	1735.0	72396.2	1004243.0	1325723.469845
sub-CC121397	1182.0	2317.0	2123.0	300.0	2924.0	5319.0	3386.0	1087.0	5519.0	2930.0	3234.0	1531.0	4751.0	744.0	1788.0	1575.0	718.0	1642.0	1207.0	4038.0	1350.0	4373.0	3832.0	1318.0	4138.0	8009.0	3689.0	4810.0	4171.0	395.0	1934.0	86334.4	1181708.0	1552787.216976
sub-CC122172	1355.0	2712.0	2361.0	604.0	2945.0	4566.0	4029.0	1109.0	5631.0	3321.0	3378.0	1773.0	4371.0	749.0	1824.0	1467.0	773.0	1793.0	1440.0	5231.0	1570.0	4916.0	4204.0	1486.0	4850.0	8600.0	4653.0	4963.0	4712.0	485.0	1974.0	93843.6	1198426.0	1589291.015037
sub-CC210051	1241.0	2667.0	2177.0	402.0	3133.0	3968.0	3291.0	928.0	5143.0	3088.0	2824.0	1755.0	4490.0	703.0	1684.0	1295.0	811.0	1557.0	1264.0	5321.0	1331.0	5081.0	3687.0	1362.0	4848.0	9222.0	3874.0	5585.0	3633.0	442.0	1928.0	88735.2	1148242.0	1516343.484521
sub-CC210088	1054.0	2299.0	1813.0	438.0	2832.0	3895.0	3285.0	851.0	4050.0	2725.0	2605.0	1659.0	3298.0	617.0	1602.0	1325.0	703.0	1575.0	1109.0	4267.0	1193.0	4035.0	3874.0	913.0	3703.0	7249.0	4777.0	4269.0	3139.0	437.0	1849.0	77438.8	1017121.0	1402584.126518
sub-CC210124	1055.0	2084.0	1775.0	400.0	2329.0	4089.0	2928.0	824.0	4468.0	2471.0	2898.0	1500.0	3891.0	612.0	1654.0	1548.0	715.0	1395.0	1133.0	4339.0	1342.0	4821.0	3153.0	1017.0	3112.0	7302.0	3617.0	4453.0	2850.0	380.0	1829.0	75984.4	1032083.0	1378767.669649
sub-CC210148	1085.0	2096.0	1851.0	357.0	2654.0	3607.0	3223.0	814.0	3985.0	2694.0	2359.0	1649.0	3899.0	580.0	1310.0	1334.0	685.0	1503.0	1003.0	4173.0	1218.0	4276.0	2987.0	1079.0	3917.0	8401.0	3226.0	4944.0	3301.0	390.0	1925.0	76525.2	1043632.0	1421460.02103
sub-CC210182	934.0	2334.0	2147.0	273.0	2390.0	4161.0	2890.0	912.0	5110.0	2934.0	3248.0	1495.0	3519.0	641.0	1534.0	1379.0	668.0	1533.0	1356.0	3892.0	1136.0	4015.0	3288.0	1106.0	3890.0	7400.0	4220.0	5070.0	3101.0	408.0	1721.0	78704.5	1060725.0	1438910.97622
sub-CC210519	1167.0	2222.0	1811.0	268.0	2157.0	4260.0	3061.0	974.0	4294.0	2926.0	2874.0	1521.0	3980.0	639.0	1377.0	1384.0	779.0	1681.0	1259.0	3986.0	1383.0	4211.0	3034.0	1158.0	3420.0	7025.0	3794.0	4776.0	3695.0	457.0	1908.0	77481.5	1087986.0	1342451.764749
sub-CC220098	969.0	2532.0	2301.0	309.0	2685.0	3924.0	3226.0	782.0	4418.0	2933.0	2793.0	1442.0	4078.0	691.0	1618.0	1404.0	665.0	1297.0	1231.0	3782.0	1172.0	4461.0	3335.0	1119.0	3969.0	7635.0	3941.0	4769.0	3172.0	420.0	1794.0	78867.2	1030952.0	1405622.955101
sub-CC220107	1110.0	2623.0	2504.0	324.0	2671.0	3314.0	3051.0	963.0	5691.0	3064.0	3466.0	1469.0	3848.0	609.0	1817.0	1449.0	720.0	1637.0	1760.0	5248.0	1399.0	4556.0	3385.0	1234.0	4179.0	7845.0	4831.0	4734.0	3854.0	424.0	1785.0	85564.5	1122427.0	1549557.571749
sub-CC220115	1339.0	1981.0	1860.0	313.0	2792.0	4045.0	2787.0	843.0	5131.0	2972.0	2890.0	1650.0	4112.0	556.0	1408.0	1384.0	694.0	1788.0	1349.0	4134.0	1331.0	4096.0	3625.0	1295.0	4363.0	7896.0	4258.0	5183.0	3617.0	410.0	1963.0	82066.4	1074942.0	1453447.978425
sub-CC220223	1033.0	2519.0	2187.0	365.0	2981.0	5048.0	3506.0	1005.0	5803.0	3761.0	3399.0	1911.0	5084.0	689.0	1847.0	1586.0	812.0	1818.0	1395.0	5244.0	1214.0	5057.0	4243.0	1498.0	4139.0	9213.0	4560.0	6219.0	4711.0	502.0	1939.0	95287.6	1346508.0	1668720.592873
sub-CC220232	1002.0	2148.0	1924.0	359.0	3014.0	4805.0	3366.0	913.0	5107.0	2498.0	2926.0	1439.0	4360.0	607.0	1569.0	1456.0	593.0	1408.0	1449.0	4916.0	1198.0	4570.0	3396.0	1007.0	3357.0	7131.0	4438.0	4574.0	3691.0	341.0	1711.0	81271.5	1113732.0	1485069.071452
sub-CC220323	857.0	2259.0	2031.0	387.0	2931.0	4122.0	3469.0	882.0	4547.0	2883.0	2794.0	1517.0	4380.0	604.0	1673.0	1207.0	722.0	1424.0	1411.0	4516.0	1019.0	4577.0	3297.0	1209.0	3439.0	7379.0	4036.0	5229.0	3311.0	459.0	1675.0	80246.9	1054039.0	1413458.556909
sub-CC220372	1368.0	2644.0	2269.0	430.0	3389.0	5112.0	3136.0	1049.0	5228.0	3551.0	3470.0	1727.0	4604.0	760.0	1800.0	1448.0	900.0	2002.0	1579.0	5323.0	1357.0	4968.0	3920.0	1536.0	4513.0	8666.0	4807.0	5853.0	4040.0	530.0	2160.0	94138.0	1269449.0	1669645.856152
sub-CC220567	1196.0	2571.0	2599.0	340.0	3102.0	4372.0	3775.0	959.0	5584.0	2651.0	3494.0	1668.0	4771.0	654.0	1662.0	1536.0	679.0	1577.0	1699.0	4313.0	1513.0	4467.0	3139.0	1036.0	4039.0	8339.0	4925.0	4953.0	3515.0	474.0	1883.0	87487.6	1159980.0	1541699.940636
sub-CC220713	979.0	2342.0	2361.0	438.0	3102.0	4626.0	3150.0	1077.0	6224.0	3083.0	3608.0	1990.0	3873.0	714.0	1756.0	1310.0	638.0	1425.0	1674.0	5183.0	1496.0	4927.0	4144.0	1246.0	3708.0	8149.0	4865.0	5374.0	3423.0	518.0	1939.0	89343.0	1177646.0	1594177.030113
sub-CC220843	1274.0	2493.0	2242.0	388.0	3322.0	5218.0	4242.0	1108.0	5287.0	3218.0	2547.0	1872.0	4703.0	696.0	1574.0	1302.0	745.0	1360.0	1295.0	4750.0	1447.0	4885.0	4015.0	1263.0	4768.0	7982.0	5442.0	5983.0	3973.0	424.0	1852.0	91672.3	1255838.0	1653073.644422
sub-CC221002	1176.0	2789.0	2159.0	422.0	3388.0	4630.0	3455.0	1027.0	5480.0	2979.0	3279.0	1638.0	4683.0	627.0	1334.0	1776.0	823.0	2286.0	1587.0	4132.0	1372.0	5208.0	3590.0	1134.0	4769.0	9361.0	3101.0	5071.0	2819.0	453.0	2171.0	88717.1	1177491.0	1620268.090161
sub-CC221033	1161.0	2728.0	2447.0	360.0	3441.0	5060.0	3947.0	1062.0	5773.0	3215.0	3279.0	1802.0	4879.0	626.0	1775.0	1630.0	805.0	1747.0	1396.0	5081.0	1267.0	5168.0	4044.0	1381.0	4515.0	9636.0	4780.0	5985.0	4086.0	540.0	2231.0	95846.3	1161475.0	1533580.295842
sub-CC221595	1028.0	2986.0	2042.0	461.0	3199.0	5156.0	3336.0	880.0	5117.0	3338.0	3469.0	1885.0	4867.0	783.0	1936.0	1498.0	767.0	1537.0	1646.0	5292.0	1296.0	5666.0	4503.0	1193.0	4436.0	9093.0	4638.0	6206.0	4316.0	701.0	2103.0	95375.6	1292099.0	1713954.994969
sub-CC221886	1201.0	2326.0	2036.0	355.0	3309.0	5004.0	4170.0	1267.0	5099.0	3356.0	3549.0	1834.0	5140.0	802.0	1710.0	1299.0	778.0	1547.0	1456.0	5123.0	1391.0	5329.0	3808.0	1440.0	4679.0	8583.0	3939.0	6061.0	4099.0	442.0	2018.0	93152.9	1231106.0	1704223.457241
sub-CC223085	1588.0	3416.0	2550.0	482.0	3288.0	5546.0	4063.0	1256.0	5767.0	2740.0	4162.0	1747.0	4269.0	927.0	1965.0	1674.0	646.0	1399.0	1876.0	5993.0	1451.0	6351.0	4660.0	1394.0	4064.0	9246.0	5905.0	5365.0	4655.0	558.0	2083.0	101085.0	1383251.0	1864111.72061
sub-CC310051	1053.0	2258.0	2079.0	362.0	2349.0	3681.0	3055.0	963.0	4451.0	2566.0	3155.0	1578.0	4310.0	639.0	1600.0	1390.0	658.0	1597.0	1341.0	4308.0	1174.0	4618.0	3029.0	1105.0	3526.0	6765.0	4011.0	4904.0	2786.0	455.0	1688.0	77452.8	1048517.0	1451481.220596
sub-CC310052	853.0	1720.0	1675.0	431.0	2971.0	4271.0	3114.0	874.0	4935.0	2364.0	2365.0	1324.0	3793.0	679.0	1450.0	1273.0	676.0	1447.0	995.0	4381.0	974.0	4986.0	2957.0	940.0	3308.0	8537.0	4027.0	5145.0	3048.0	428.0	2057.0	77997.8	1045386.0	1345139.906823
sub-CC310135	1075.0	3044.0	2226.0	309.0	3115.0	3920.0	3335.0	947.0	5822.0	3344.0	3112.0	1645.0	4827.0	842.0	1728.0	1587.0	814.0	1708.0	1470.0	4812.0	1110.0	5401.0	4392.0	1315.0	4764.0	9047.0	5083.0	5489.0	3933.0	528.0	2140.0	92887.0	1253377.0	1669582.570729
sub-CC310142	1290.0	2711.0	2435.0	488.0	3146.0	4625.0	3519.0	1152.0	5659.0	3239.0	2966.0	1783.0	4291.0	640.0	1572.0	1787.0	682.0	1398.0	1339.0	4876.0	1372.0	4943.0	3911.0	1440.0	4965.0	8420.0	4661.0	4950.0	3666.0	401.0	2001.0	90330.5	1152056.0	1638201.220975
sub-CC310203	1067.0	2094.0	1827.0	416.0	3017.0	4043.0	3466.0	1011.0	4493.0	2507.0	2977.0	1697.0	4331.0	703.0	1528.0	1531.0	699.0	1479.0	1095.0	4127.0	1335.0	3940.0	4024.0	1279.0	3616.0	7468.0	3916.0	5195.0	3798.0	471.0	2013.0	81164.4	1075376.0	1465826.008398
sub-CC310385	1179.0	2244.0	1746.0	347.0	3247.0	3866.0	3368.0	1168.0	4908.0	3117.0	2743.0	1719.0	4203.0	651.0	1518.0	1579.0	797.0	1720.0	1113.0	4758.0	1430.0	4306.0	3814.0	1054.0	5081.0	8407.0	4468.0	5218.0	3746.0	448.0	2002.0	85964.6	1138626.0	1547610.836076
sub-CC310397	1178.0	2109.0	2384.0	326.0	2634.0	3820.0	3223.0	994.0	4685.0	2816.0	2799.0	1561.0	4265.0	745.0	1431.0	1257.0	681.0	1710.0	1364.0	4313.0	1279.0	4776.0	3319.0	1250.0	3920.0	7911.0	4526.0	4910.0	3444.0	544.0	1891.0	82064.1	1035688.0	1404452.506437
sub-CC310400	943.0	2089.0	2463.0	279.0	3098.0	5588.0	3663.0	991.0	4831.0	3387.0	3376.0	1825.0	4365.0	689.0	1572.0	1512.0	886.0	1724.0	1621.0	4418.0	1290.0	4420.0	3976.0	1323.0	3949.0	8490.0	4239.0	4995.0	4172.0	463.0	2025.0	88664.3	1223815.0	1661174.710225
sub-CC310463	1110.0	2501.0	2340.0	463.0	2778.0	5208.0	3726.0	1323.0	5395.0	3209.0	3245.0	1809.0	5343.0	789.0	1730.0	1570.0	833.0	1910.0	1309.0	4970.0	1426.0	4871.0	4805.0	1307.0	4496.0	8268.0	4966.0	5597.0	4290.0	503.0	2253.0	94342.0	1284883.0	1701410.619677
sub-CC310473	1274.0	2985.0	2182.0	445.0	2927.0	4507.0	3932.0	1176.0	6599.0	2989.0	3795.0	1553.0	4695.0	742.0	1766.0	1388.0	692.0	1487.0	1524.0	5310.0	1645.0	5556.0	3836.0	1285.0	4314.0	9320.0	4830.0	5056.0	4209.0	440.0	2046.0	94505.8	1290551.0	1772418.745983
sub-CC320022	1208.0	2262.0	1658.0	309.0	2176.0	3619.0	2336.0	907.0	4319.0	2443.0	2738.0	1394.0	2908.0	719.0	1857.0	1405.0	565.0	1548.0	1261.0	3922.0	1199.0	4455.0	2814.0	1044.0	3208.0	8183.0	4047.0	4753.0	3185.0	530.0	1824.0	74794.9	1056545.0	1430919.863997
sub-CC320267	1260.0	2617.0	2057.0	439.0	3105.0	4168.0	3806.0	1049.0	5182.0	3502.0	3332.0	1662.0	4449.0	763.0	1720.0	1741.0	978.0	2258.0	1293.0	5007.0	1660.0	5176.0	3922.0	1607.0	4244.0	9143.0	5302.0	5107.0	4579.0	480.0	2270.0	93878.4	1256871.0	1707221.625797
sub-CC320325	1217.0	2659.0	1732.0	365.0	2734.0	3799.0	3290.0	865.0	4877.0	2916.0	3089.0	1672.0	4032.0	595.0	1738.0	1425.0	636.0	1437.0	1179.0	4184.0	1317.0	4733.0	3473.0	1207.0	3939.0	8035.0	3784.0	4968.0	3200.0	436.0	1885.0	81419.2	1069764.0	1517157.727689
sub-CC320448	1099.0	2262.0	2086.0	455.0	2599.0	4361.0	3346.0	1067.0	4876.0	2962.0	3546.0	1542.0	4665.0	692.0	1621.0	1323.0	643.0	1951.0	1327.0	4454.0	1471.0	4897.0	3665.0	1112.0	4654.0	8394.0	3978.0	5761.0	3560.0	478.0	2082.0	86931.1	1223356.0	1437610.597078
sub-CC320616	1347.0	2799.0	2675.0	470.0	3581.0	4404.0	3658.0	1206.0	6115.0	3286.0	4291.0	1939.0	4787.0	729.0	1802.0	1578.0	789.0	2129.0	1728.0	6383.0	1791.0	5446.0	4314.0	1494.0	5039.0	9182.0	4642.0	6541.0	4566.0	660.0	2238.0	101609.0	1421143.0	1869311.581425
sub-CC321899	1014.0	2201.0	2069.0	405.0	3211.0	4505.0	3374.0	1242.0	4353.0	3207.0	2738.0	1714.0	4388.0	751.0	1545.0	1409.0	729.0	1751.0	1333.0	5460.0	1284.0	5096.0	4632.0	1112.0	4323.0	7738.0	4380.0	5385.0	3914.0	543.0	2035.0	87838.8	1105788.0	1299503.945846
sub-CC410086	1041.0	2397.0	2062.0	438.0	2899.0	4374.0	3685.0	927.0	5534.0	2895.0	2709.0	1512.0	4433.0	911.0	1659.0	1069.0	697.0	1504.0	1379.0	5047.0	1512.0	5125.0	3693.0	1133.0	4140.0	8283.0	3739.0	5482.0	3127.0	536.0	1844.0	85784.5	1190861.0	1627851.879139
sub-CC410097	927.0	2201.0	1634.0	379.0	2922.0	4343.0	3501.0	760.0	4211.0	2623.0	2478.0	1309.0	3993.0	720.0	1391.0	1141.0	684.0	1404.0	1144.0	4049.0	1129.0	4219.0	2954.0	1033.0	3318.0	7200.0	3788.0	3590.0	2817.0	357.0	1787.0	74005.5	991787.0	1389938.03216
sub-CC410169	1166.0	1957.0	1858.0	375.0	2910.0	4698.0	4018.0	1107.0	4626.0	3125.0	2651.0	1437.0	5046.0	669.0	1605.0	1185.0	601.0	1398.0	1177.0	4469.0	1199.0	4633.0	3959.0	1249.0	4025.0	8569.0	4813.0	5212.0	3659.0	427.0	1867.0	85689.4	1128639.0	1528898.77961
sub-CC410222	1092.0	2340.0	2054.0	384.0	3001.0	3995.0	3362.0	1066.0	5459.0	3179.0	3275.0	1539.0	4211.0	640.0	1403.0	1225.0	733.0	1553.0	1262.0	4258.0	1423.0	4567.0	3613.0	1205.0	4749.0	7772.0	4348.0	4983.0	3244.0	495.0	2017.0	84447.4	1107727.0	1476215.240834
sub-CC410248	940.0	2514.0	2159.0	347.0	2962.0	4298.0	4166.0	917.0	5213.0	2979.0	3492.0	1658.0	4789.0	770.0	1721.0	1274.0	627.0	1655.0	1242.0	4494.0	1115.0	5072.0	3682.0	992.0	3915.0	7481.0	4132.0	4710.0	3068.0	385.0	1908.0	84675.9	1150906.0	1568902.545354
sub-CC410284	990.0	1925.0	1699.0	389.0	2863.0	4822.0	3209.0	974.0	4243.0	2827.0	2845.0	1477.0	4100.0	739.0	1350.0	1340.0	626.0	1434.0	1227.0	4389.0	1143.0	4171.0	3395.0	1117.0	3060.0	6228.0	3859.0	4548.0	3027.0	342.0	1772.0	76130.2	991879.0	1312677.707123
sub-CC410289	749.0	2128.0	1825.0	311.0	2681.0	3995.0	2846.0	741.0	5195.0	2286.0	3085.0	1421.0	4014.0	530.0	1794.0	1367.0	648.0	1275.0	1454.0	4344.0	1325.0	4408.0	3262.0	1049.0	3408.0	7665.0	3980.0	4175.0	2944.0	338.0	1614.0	76855.9	1048826.0	1474493.686755
sub-CC410354	1117.0	2530.0	1917.0	287.0	2925.0	5023.0	4053.0	1237.0	5591.0	3193.0	2974.0	1789.0	5064.0	697.0	1782.0	1154.0	804.0	1542.0	1306.0	5197.0	1447.0	4512.0	4201.0	1255.0	4608.0	8610.0	4665.0	5538.0	3552.0	492.0	1873.0	90937.0	1251829.0	1692742.744834
sub-CC410432	1254.0	2421.0	2106.0	344.0	3647.0	4063.0	3877.0	1183.0	6024.0	3536.0	3590.0	1735.0	4406.0	811.0	1664.0	1467.0	849.0	1716.0	1641.0	5268.0	1555.0	5172.0	4560.0	1318.0	4318.0	8173.0	5523.0	5586.0	3485.0	516.0	2162.0	93970.2	1254856.0	1720084.770802
sub-CC420060	1095.0	2150.0	2037.0	384.0	2906.0	4213.0	3259.0	1083.0	5413.0	3095.0	3748.0	1762.0	4045.0	749.0	1529.0	1718.0	744.0	1677.0	1857.0	4663.0	1173.0	5117.0	3979.0	1272.0	4005.0	7951.0	4335.0	5104.0	4201.0	406.0	2006.0	87677.7	1178074.0	1600729.234243
sub-CC420226	1038.0	2913.0	2490.0	384.0	3083.0	4369.0	3599.0	922.0	5034.0	2734.0	3271.0	1527.0	3918.0	765.0	1480.0	1218.0	634.0	1392.0	1479.0	4362.0	1189.0	4669.0	3472.0	1321.0	3981.0	8369.0	4622.0	5019.0	2988.0	408.0	1867.0	84517.9	1072658.0	1442029.391257
sub-CC420322	1338.0	2098.0	2388.0	496.0	3021.0	5224.0	3727.0	1128.0	5302.0	3125.0	3131.0	1680.0	4064.0	631.0	2005.0	1655.0	810.0	2028.0	1588.0	4434.0	1488.0	5604.0	4064.0	1146.0	4162.0	9122.0	4277.0	5183.0	3314.0	477.0	1890.0	90601.0	1163646.0	1573287.635929
sub-CC420402	1020.0	2573.0	2335.0	484.0	3213.0	4233.0	4049.0	1131.0	5170.0	2928.0	3054.0	1621.0	3832.0	774.0	1621.0	1467.0	714.0	1517.0	1452.0	4794.0	1242.0	5251.0	3523.0	1027.0	3495.0	8540.0	4781.0	5320.0	4616.0	443.0	2123.0	88339.9	1148666.0	1644682.834127
sub-CC510043	1079.0	2182.0	1674.0	266.0	2490.0	4112.0	3269.0	881.0	4134.0	2592.0	2560.0	1704.0	3629.0	662.0	1627.0	1643.0	785.0	1648.0	1154.0	4388.0	1304.0	4333.0	3284.0	1136.0	3558.0	7230.0	4057.0	4154.0	3443.0	296.0	1876.0	77150.8	1000114.0	1347616.539952
sub-CC510163	963.0	2046.0	1938.0	320.0	2764.0	3151.0	2688.0	972.0	5306.0	2298.0	2651.0	1386.0	3040.0	641.0	1305.0	1280.0	687.0	1380.0	1214.0	4612.0	825.0	4364.0	3238.0	1244.0	3592.0	6660.0	3416.0	4527.0	2712.0	489.0	1694.0	73400.7	935630.0	1366184.977393
sub-CC510220	1144.0	2341.0	2035.0	331.0	2794.0	4233.0	2923.0	1088.0	5040.0	3021.0	2957.0	1696.0	4318.0	635.0	1626.0	1422.0	821.0	1527.0	1464.0	4728.0	1397.0	5218.0	3539.0	1141.0	4087.0	7721.0	4531.0	5480.0	4274.0	526.0	2117.0	86174.2	1086723.0	1684507.513118
sub-CC510243	934.0	2359.0	2292.0	423.0	2543.0	4471.0	3321.0	1276.0	5365.0	2815.0	3537.0	1472.0	3765.0	626.0	1549.0	1630.0	788.0	2012.0	1862.0	4715.0	1125.0	4554.0	3826.0	1058.0	4101.0	7610.0	4650.0	5449.0	3614.0	445.0	1838.0	86026.2	1153496.0	1648864.320323
sub-CC510255	933.0	2250.0	1784.0	415.0	2566.0	4102.0	3082.0	1043.0	4779.0	2892.0	3041.0	1578.0	3951.0	629.0	1771.0	1162.0	769.0	1455.0	1363.0	4931.0	1118.0	4985.0	3537.0	1053.0	3829.0	7961.0	3693.0	5062.0	3385.0	464.0	1770.0	81352.6	1108925.0	1587973.071769
sub-CC510256	1112.0	2264.0	2341.0	500.0	3493.0	5071.0	3365.0	861.0	5883.0	3312.0	3293.0	1564.0	4370.0	732.0	2184.0	1277.0	781.0	1396.0	1493.0	5120.0	1173.0	5801.0	4424.0	1221.0	4074.0	8472.0	4841.0	5688.0	3909.0	471.0	2313.0	92798.5	1274618.0	1807244.436645
sub-CC510259	1184.0	2462.0	2182.0	452.0	2933.0	4639.0	4027.0	992.0	4457.0	2989.0	3160.0	1605.0	4449.0	630.0	1612.0	1438.0	700.0	1431.0	1300.0	4764.0	1432.0	4318.0	4144.0	1387.0	4057.0	8377.0	4054.0	4996.0	3569.0	433.0	1825.0	85996.5	1086109.0	1531302.607368
sub-CC510354	1070.0	2258.0	1639.0	403.0	2432.0	3051.0	2850.0	817.0	4030.0	2559.0	2280.0	1469.0	3301.0	607.0	1356.0	1517.0	627.0	1633.0	927.0	3990.0	1246.0	4412.0	2886.0	1142.0	3451.0	7181.0	3028.0	4715.0	2830.0	457.0	1813.0	71978.6	1004134.0	1339508.694808
sub-CC510392	1160.0	2693.0	2025.0	353.0	2658.0	4784.0	3494.0	1024.0	5242.0	2716.0	3330.0	1487.0	4272.0	629.0	1502.0	1123.0	592.0	1184.0	1319.0	4272.0	1252.0	4887.0	3557.0	1275.0	4269.0	8358.0	3932.0	5158.0	3528.0	391.0	1653.0	84118.9	1165889.0	1574947.933627
sub-CC510438	1163.0	2070.0	1926.0	307.0	2340.0	3713.0	3294.0	1192.0	4219.0	3351.0	3542.0	1857.0	3986.0	692.0	1868.0	1436.0	670.0	1687.0	1600.0	5234.0	1301.0	4477.0	3893.0	1370.0	4554.0	8473.0	4707.0	5500.0	4310.0	546.0	2121.0	87399.1	1120922.0	1699215.329889
sub-CC520239	912.0	2178.0	1752.0	312.0	2283.0	3471.0	2944.0	838.0	4429.0	2538.0	2550.0	1513.0	3734.0	674.0	1385.0	1328.0	592.0	1357.0	1190.0	3760.0	1061.0	3948.0	3069.0	1120.0	3528.0	6170.0	3797.0	4493.0	2709.0	343.0	1758.0	71736.2	959098.0	1372587.485274
sub-CC520279	994.0	2110.0	1728.0	313.0	2615.0	3560.0	2469.0	940.0	4176.0	2299.0	2811.0	1403.0	3369.0	676.0	1566.0	1412.0	620.0	1397.0	1150.0	4368.0	1172.0	4918.0	3053.0	1058.0	2836.0	6771.0	3531.0	4829.0	3391.0	496.0	2220.0	74251.7	966304.0	1500005.422564
sub-CC520390	1119.0	2059.0	1739.0	306.0	2599.0	3759.0	3053.0	798.0	4340.0	2689.0	2806.0	1643.0	4174.0	652.0	1412.0	1678.0	655.0	1498.0	1195.0	4044.0	1165.0	4296.0	2914.0	1145.0	3365.0	6735.0	3317.0	4588.0	2940.0	413.0	1744.0	74837.9	971217.0	1427266.015288
sub-CC520745	973.0	2206.0	1635.0	397.0	2231.0	3507.0	2997.0	884.0	3815.0	2636.0	2454.0	1732.0	3596.0	611.0	1435.0	1214.0	559.0	1326.0	986.0	3968.0	1319.0	3979.0	3588.0	1119.0	3449.0	7076.0	4316.0	4451.0	3438.0	441.0	1689.0	74028.7	1016337.0	1492611.524495
sub-CC610039	1032.0	1887.0	1568.0	333.0	2220.0	5047.0	2451.0	1133.0	3819.0	2699.0	2554.0	1385.0	3367.0	557.0	1359.0	1278.0	678.0	1812.0	1033.0	4067.0	1324.0	3715.0	3450.0	1190.0	3986.0	7027.0	3994.0	5257.0	4183.0	398.0	1785.0	76584.7	993571.0	1396170.356102
sub-CC610040	978.0	2094.0	2057.0	453.0	3364.0	4686.0	3598.0	953.0	5937.0	3030.0	3152.0	1576.0	4161.0	730.0	1672.0	1469.0	749.0	1480.0	1363.0	4280.0	1286.0	4723.0	3792.0	1053.0	4570.0	7438.0	3302.0	4891.0	3466.0	435.0	1964.0	84703.6	1106309.0	1594564.199462
sub-CC610071	1227.0	2590.0	1893.0	334.0	2427.0	4291.0	2886.0	1196.0	4324.0	2815.0	2519.0	1751.0	3513.0	533.0	1769.0	1675.0	770.0	1476.0	1025.0	5000.0	1590.0	4995.0	4050.0	1323.0	3805.0	8219.0	4225.0	4830.0	4118.0	412.0	1996.0	83576.0	1053824.0	1484380.44272
sub-CC610285	1234.0	2202.0	1150.0	398.0	2412.0	3977.0	3018.0	1047.0	3699.0	2870.0	2697.0	1668.0	4365.0	674.0	1605.0	1772.0	722.0	1532.0	830.0	4041.0	1496.0	3976.0	3437.0	1494.0	4000.0	7807.0	3766.0	5164.0	4032.0	492.0	2132.0	79709.9	1049451.0	1578587.181356
sub-CC610568	1036.0	2637.0	2241.0	431.0	2892.0	4665.0	3748.0	947.0	5965.0	2666.0	3267.0	1700.0	4516.0	789.0	1785.0	1602.0	716.0	1640.0	1631.0	5060.0	1163.0	4985.0	3431.0	1176.0	3720.0	7903.0	3553.0	5384.0	3415.0	503.0	2220.0	87389.7	1108481.0	1555272.138779
sub-CC610594	1004.0	2336.0	1729.0	440.0	2370.0	3574.0	2733.0	817.0	4293.0	2592.0	2957.0	1407.0	3610.0	689.0	1359.0	1291.0	548.0	1329.0	1366.0	3917.0	1080.0	4429.0	3032.0	951.0	3557.0	6631.0	3997.0	4736.0	3073.0	378.0	1788.0	74012.7	979576.0	1307928.131568
sub-CC610653	1385.0	2575.0	2218.0	413.0	3135.0	4907.0	3723.0	1184.0	5365.0	3007.0	3113.0	1728.0	4774.0	679.0	1505.0	1566.0	736.0	1713.0	1522.0	4834.0	1714.0	4745.0	3963.0	1304.0	4306.0	8046.0	4268.0	6037.0	4790.0	447.0	2108.0	91809.5	1176004.0	1707931.582441
sub-CC620005	1045.0	2888.0	1823.0	315.0	2320.0	4081.0	2818.0	936.0	4920.0	2270.0	2942.0	1484.0	3499.0	557.0	1703.0	1032.0	550.0	1299.0	1244.0	3956.0	1317.0	5170.0	3017.0	1033.0	4600.0	7748.0	3212.0	4701.0	2959.0	492.0	1747.0	77675.7	984112.0	1513065.392893
sub-CC710313	925.0	2234.0	1993.0	458.0	2728.0	4082.0	3728.0	1161.0	5644.0	2825.0	3028.0	1767.0	4106.0	644.0	1656.0	1748.0	704.0	1716.0	1398.0	4685.0	1196.0	5147.0	3391.0	1320.0	3564.0	8297.0	3585.0	5141.0	3401.0	551.0	2050.0	84870.9	1133041.0	1601067.356494
sub-CC710350	1152.0	2320.0	2469.0	343.0	2501.0	3632.0	3644.0	1140.0	4838.0	3076.0	3426.0	1691.0	4143.0	689.0	1430.0	1521.0	762.0	1528.0	1757.0	4704.0	1289.0	5070.0	3452.0	990.0	4353.0	8464.0	4456.0	5157.0	3398.0	439.0	1779.0	85614.5	1123050.0	1658367.932923
